Student_ID,MST_Score,Quiz_Score,Attendance_Percent,Assignment_Score,Performance_Score,Performance_Category
STU0001,33.5,52.1,44.0,38.3,40.28,Needs Improvement
STU0002,78.8,78.8,82.1,86.3,80.96,High Performer
STU0003,98.7,72.1,78.5,97.7,89.14,High Performer
STU0004,70.3,70.2,77.9,50.7,67.88,Average Performer
STU0005,67.5,69.1,91.2,82.5,75.56,High Performer
STU0006,60.2,50.5,82.6,69.8,64.66,Average Performer
STU0007,67.7,64.6,82.3,50.3,66.52,Average Performer
STU0008,47.5,48.8,43.3,48.8,47.18,Needs Improvement
STU0009,24.9,45.6,86.6,34.6,43.32,Needs Improvement
STU0010,48.9,41.8,98.4,67.8,61.16,Average Performer
STU0011,75.1,73.7,71.5,61.2,71.32,Average Performer
STU0012,40.7,65.9,84.7,73.3,61.06,Average Performer
STU0013,83.8,85.6,70.1,74.4,79.54,High Performer
STU0014,57.8,45.5,69.3,47.8,55.64,Average Performer
STU0015,65.4,68.5,96.1,41.7,67.42,Average Performer
STU0016,41.5,56.5,68.6,52.5,52.12,Average Performer
STU0017,73.0,48.0,78.0,50.0,64.4,Average Performer
STU0018,74.3,60.2,74.2,71.0,70.8,Average Performer
STU0019,68.9,75.0,97.5,47.4,71.54,Average Performer
STU0020,74.1,88.0,73.3,89.0,79.7,High Performer
STU0021,40.1,52.3,96.8,48.9,55.64,Average Performer
STU0022,78.3,80.2,34.3,65.2,67.26,Average Performer
STU0023,47.0,35.1,51.8,29.8,42.14,Needs Improvement
STU0024,49.6,51.6,54.7,59.2,52.94,Average Performer
STU0025,48.8,61.9,79.4,40.8,55.94,Average Performer
STU0026,58.9,64.2,32.9,52.4,53.46,Average Performer
STU0027,92.9,92.6,92.9,97.7,93.8,High Performer
STU0028,83.5,79.1,74.1,73.9,78.82,High Performer
STU0029,47.5,46.7,90.9,59.2,58.36,Average Performer
STU0030,58.1,31.3,70.7,53.0,54.24,Average Performer
STU0031,68.0,77.6,94.2,68.1,75.18,High Performer
STU0032,100.0,97.0,74.6,100.0,94.32,High Performer
STU0033,81.9,84.2,89.1,92.8,85.98,High Performer
STU0034,93.0,71.7,69.5,64.0,78.24,High Performer
STU0035,58.6,47.9,67.5,48.9,56.3,Average Performer
STU0036,35.9,36.1,86.5,51.2,49.12,Needs Improvement
STU0037,62.1,68.3,78.3,92.3,72.62,Average Performer
STU0038,54.0,48.7,83.5,71.2,62.28,Average Performer
STU0039,62.0,63.9,80.7,72.0,68.12,Average Performer
STU0040,67.9,72.7,89.2,63.5,72.24,Average Performer
STU0041,83.7,81.0,81.9,87.1,83.48,High Performer
STU0042,100.0,100.0,67.4,97.7,93.02,High Performer
STU0043,62.2,48.8,76.7,39.7,57.92,Average Performer
STU0044,84.3,70.7,58.3,92.1,77.94,High Performer
STU0045,83.2,82.7,82.0,88.6,83.94,High Performer
STU0046,93.3,65.8,68.2,81.7,80.46,High Performer
STU0047,43.5,50.2,98.2,55.9,58.26,Average Performer
STU0048,54.9,57.9,79.9,35.3,56.58,Average Performer
STU0049,100.0,88.7,79.5,84.7,90.58,High Performer
STU0050,90.6,67.7,95.0,69.0,82.58,High Performer
STU0051,40.9,46.1,67.8,65.6,52.26,Average Performer
STU0052,48.3,58.2,90.6,60.2,61.12,Average Performer
STU0053,77.7,63.5,92.8,66.7,75.68,High Performer
STU0054,62.3,58.0,28.9,38.3,49.96,Needs Improvement
STU0055,69.7,79.0,89.7,86.7,78.96,High Performer
STU0056,28.3,25.4,73.6,48.8,40.88,Needs Improvement
STU0057,82.4,65.5,45.6,80.8,71.34,Average Performer
STU0058,80.7,77.1,86.2,61.0,77.14,High Performer
STU0059,36.8,60.3,93.4,43.1,54.08,Average Performer
STU0060,73.0,66.6,83.4,81.2,75.44,High Performer
STU0061,80.2,66.5,76.8,66.4,74.02,Average Performer
STU0062,77.7,73.4,84.6,80.5,78.78,High Performer
STU0063,36.0,52.1,21.0,62.5,41.52,Needs Improvement
STU0064,37.3,63.1,37.0,48.3,44.6,Needs Improvement
STU0065,63.2,58.9,97.1,64.1,69.3,Average Performer
STU0066,75.3,68.4,49.2,65.9,66.82,Average Performer
STU0067,96.2,94.8,67.0,100.0,90.84,High Performer
STU0068,58.5,49.4,61.3,56.3,56.8,Average Performer
STU0069,55.1,54.9,39.4,47.3,50.36,Average Performer
STU0070,63.9,71.3,71.9,57.8,65.76,Average Performer
STU0071,66.1,77.4,81.2,62.9,70.74,Average Performer
STU0072,66.2,49.0,68.2,50.6,60.04,Average Performer
STU0073,80.6,57.6,99.1,84.8,80.54,High Performer
STU0074,53.5,78.4,68.9,52.0,61.26,Average Performer
STU0075,60.6,59.7,82.8,67.4,66.22,Average Performer
STU0076,44.3,36.8,80.0,36.7,48.42,Needs Improvement
STU0077,84.4,,82.3,79.4,80.52,High Performer
STU0078,74.3,68.6,51.5,86.9,71.12,Average Performer
STU0079,73.9,80.1,63.2,94.5,77.12,High Performer
STU0080,64.9,62.6,82.9,79.3,70.92,Average Performer
STU0081,67.5,78.1,94.2,72.4,75.94,High Performer
STU0082,67.6,58.4,82.4,69.2,69.04,Average Performer
STU0083,67.3,86.9,64.0,78.3,72.76,Average Performer
STU0084,81.4,87.9,97.7,98.4,89.36,High Performer
STU0085,74.5,85.8,82.8,78.6,79.24,High Performer
STU0086,67.3,52.9,88.6,52.5,65.72,Average Performer
STU0087,72.9,69.8,77.3,85.3,75.64,High Performer
STU0088,100.0,82.0,69.2,88.2,87.88,High Performer
STU0089,50.0,61.1,41.2,48.4,50.14,Average Performer
STU0090,84.9,56.3,68.4,58.9,70.68,Average Performer
STU0091,50.4,72.5,55.7,50.3,55.86,Average Performer
STU0092,76.9,77.0,89.2,78.3,79.66,High Performer
STU0093,70.6,67.0,89.4,72.8,74.08,Average Performer
STU0094,62.3,42.9,79.7,47.1,58.86,Average Performer
STU0095,55.4,60.3,37.7,53.4,52.44,Average Performer
STU0096,38.6,63.2,94.4,68.8,60.72,Average Performer
STU0097,76.0,98.1,88.9,92.5,86.3,High Performer
STU0098,66.7,67.6,67.3,71.4,67.94,Average Performer
STU0099,77.4,49.6,56.8,66.1,65.46,Average Performer
STU0100,59.5,66.3,74.5,72.7,66.5,Average Performer
STU0101,62.8,49.9,82.2,54.7,62.48,Average Performer
STU0102,55.2,59.8,94.8,73.9,67.78,Average Performer
STU0103,29.7,32.3,44.3,44.4,36.08,Needs Improvement
STU0104,65.9,56.8,98.4,51.6,67.72,Average Performer
STU0105,91.2,81.4,68.7,80.7,82.64,High Performer
STU0106,59.9,55.7,87.0,55.7,63.64,Average Performer
STU0107,49.0,54.4,52.0,56.0,52.08,Average Performer
STU0108,52.6,70.2,69.0,62.0,61.28,Average Performer
STU0109,82.7,48.9,86.0,56.5,71.36,Average Performer
STU0110,39.0,60.5,86.8,57.8,56.62,Average Performer
STU0111,41.0,47.1,79.1,,53.76,Average Performer
STU0112,47.6,72.7,92.0,79.9,67.96,Average Performer
STU0113,46.8,29.1,73.3,66.9,52.58,Average Performer
STU0114,42.2,63.7,71.3,32.9,50.46,Average Performer
STU0115,66.9,52.3,73.8,52.8,62.54,Average Performer
STU0116,66.6,84.2,91.8,67.0,75.24,High Performer
STU0117,75.2,67.7,80.4,83.3,76.36,High Performer
STU0118,55.7,53.6,54.3,65.0,56.86,Average Performer
STU0119,69.2,78.5,99.4,74.0,78.06,High Performer
STU0120,74.9,48.0,92.5,62.7,70.6,Average Performer
STU0121,78.5,84.2,61.4,74.8,75.48,High Performer
STU0122,75.2,89.6,70.6,86.0,79.32,High Performer
STU0123,42.6,57.4,74.8,40.6,51.6,Average Performer
STU0124,70.7,51.7,79.0,72.5,68.92,Average Performer
STU0125,47.4,43.0,81.3,54.7,54.76,Average Performer
STU0126,69.4,50.6,89.7,75.6,70.94,Average Performer
STU0127,68.0,51.2,76.0,77.2,68.08,Average Performer
STU0128,76.6,76.4,71.7,66.3,73.52,Average Performer
STU0129,85.7,83.6,82.4,88.0,85.08,High Performer
STU0130,68.7,54.0,62.3,68.2,64.38,Average Performer
STU0131,58.5,80.2,98.6,64.9,72.14,Average Performer
STU0132,65.5,56.9,78.1,42.8,61.76,Average Performer
STU0133,66.4,81.2,32.5,96.8,68.66,Average Performer
STU0134,57.9,68.1,58.1,51.5,58.7,Average Performer
STU0135,59.8,75.2,76.4,62.6,66.76,Average Performer
STU0136,53.4,75.8,92.4,74.7,69.94,Average Performer
STU0137,52.0,41.6,76.8,,55.56,Average Performer
STU0138,71.6,63.1,87.3,73.1,73.34,Average Performer
STU0139,62.2,65.0,53.5,40.9,56.76,Average Performer
STU0140,72.2,69.6,92.7,56.0,72.54,Average Performer
STU0141,54.5,41.9,89.7,71.7,62.46,Average Performer
STU0142,58.6,70.4,90.3,45.0,64.58,Average Performer
STU0143,68.4,74.8,77.9,82.9,74.48,Average Performer
STU0144,42.0,56.7,55.9,54.0,50.12,Average Performer
STU0145,42.8,42.2,73.5,62.9,52.84,Average Performer
STU0146,51.0,56.7,59.3,77.8,59.16,Average Performer
STU0147,89.5,79.1,79.2,75.0,82.46,High Performer
STU0148,64.6,69.6,92.0,58.8,69.92,Average Performer
STU0149,50.9,62.4,78.2,45.2,57.52,Average Performer
STU0150,51.1,68.0,95.0,66.6,66.36,Average Performer
STU0151,46.9,55.3,71.7,47.8,53.72,Average Performer
STU0152,67.4,59.8,82.0,94.3,74.18,Average Performer
STU0153,55.2,49.7,97.6,69.3,65.4,Average Performer
STU0154,79.5,74.2,92.0,51.1,75.26,High Performer
STU0155,54.5,78.7,56.4,68.4,62.5,Average Performer
STU0156,60.1,70.5,59.5,43.8,58.8,Average Performer
STU0157,87.2,82.2,84.6,70.2,82.28,High Performer
STU0158,80.0,70.1,62.3,77.8,74.04,Average Performer
STU0159,71.7,62.4,90.6,67.9,72.86,Average Performer
STU0160,49.9,63.5,73.7,48.3,57.06,Average Performer
STU0161,34.3,39.6,55.4,58.3,44.38,Needs Improvement
STU0162,51.0,56.0,20.5,63.4,48.38,Needs Improvement
STU0163,72.6,52.2,68.9,78.7,69.0,Average Performer
STU0164,46.2,49.0,80.0,63.2,56.92,Average Performer
STU0165,75.2,77.5,78.5,51.7,71.62,Average Performer
STU0166,75.8,64.4,90.1,57.0,72.62,Average Performer
STU0167,59.8,47.6,42.4,68.0,55.52,Average Performer
STU0168,64.2,75.6,92.4,64.2,72.12,Average Performer
STU0169,61.8,71.0,92.9,,72.12,Average Performer
STU0170,95.4,100.0,94.9,72.2,91.58,High Performer
STU0171,43.9,58.2,84.8,33.5,52.86,Average Performer
STU0172,59.2,52.6,66.8,58.8,59.32,Average Performer
STU0173,75.2,67.0,72.3,75.2,72.98,Average Performer
STU0174,82.9,87.3,86.5,69.9,81.9,High Performer
STU0175,100.0,99.8,69.1,84.8,90.74,High Performer
STU0176,81.6,59.5,87.7,77.4,77.56,High Performer
STU0177,53.8,61.8,33.0,65.6,53.6,Average Performer
STU0178,64.6,65.7,94.4,67.2,71.3,Average Performer
STU0179,55.3,49.8,77.2,67.4,61.0,Average Performer
STU0180,56.2,47.2,81.7,56.1,59.48,Average Performer
STU0181,36.3,46.6,94.6,53.3,53.42,Average Performer
STU0182,57.0,52.4,87.7,45.3,59.88,Average Performer
STU0183,51.3,69.6,72.7,72.2,63.42,Average Performer
STU0184,48.4,47.1,80.8,67.0,58.34,Average Performer
STU0185,83.5,74.9,84.0,78.6,80.9,High Performer
STU0186,58.4,73.9,80.9,64.1,67.14,Average Performer
STU0187,65.8,63.5,98.4,74.2,73.54,Average Performer
STU0188,84.1,58.2,95.0,71.9,78.66,High Performer
STU0189,70.3,71.7,70.9,63.3,69.3,Average Performer
STU0190,47.5,45.6,40.6,59.6,48.16,Needs Improvement
STU0191,61.4,30.9,90.4,46.3,58.08,Average Performer
STU0192,54.9,48.2,66.1,46.9,54.2,Average Performer
STU0193,56.6,50.0,59.6,61.3,56.82,Average Performer
STU0194,64.9,69.4,86.6,66.9,70.54,Average Performer
STU0195,75.1,69.5,71.1,61.7,70.5,Average Performer
STU0196,73.5,55.4,20.5,83.3,61.24,Average Performer
STU0197,45.6,60.2,94.2,64.0,61.92,Average Performer
STU0198,71.8,60.0,90.5,97.5,78.32,High Performer
STU0199,50.3,54.4,84.7,62.6,60.46,Average Performer
STU0200,71.3,47.6,41.1,68.1,59.88,Average Performer
STU0201,64.6,60.9,92.4,84.1,73.32,Average Performer
STU0202,62.9,61.6,55.9,82.0,65.06,Average Performer
STU0203,72.6,92.9,80.7,78.3,79.42,High Performer
STU0204,58.1,62.7,38.5,56.4,54.76,Average Performer
STU0205,41.2,37.3,60.3,19.9,39.98,Needs Improvement
STU0206,94.3,86.6,64.5,98.2,87.58,High Performer
STU0207,66.8,57.1,80.4,50.0,64.22,Average Performer
STU0208,81.2,71.9,88.8,79.9,80.6,High Performer
STU0209,61.7,81.2,87.3,81.6,74.7,Average Performer
STU0210,61.5,55.0,94.7,81.3,70.8,Average Performer
STU0211,68.4,54.3,67.5,68.5,65.42,Average Performer
STU0212,58.7,42.2,99.2,57.9,63.34,Average Performer
STU0213,46.6,45.7,91.4,52.4,56.54,Average Performer
STU0214,73.0,83.3,91.2,66.0,77.3,High Performer
STU0215,84.6,74.3,86.8,70.6,80.18,High Performer
STU0216,63.2,51.5,87.7,55.3,64.18,Average Performer
STU0217,34.1,25.3,,21.9,40.5,Needs Improvement
STU0218,61.8,60.4,67.9,59.3,62.24,Average Performer
STU0219,60.4,61.7,77.5,75.1,67.02,Average Performer
STU0220,75.4,91.1,70.9,75.2,77.6,High Performer
STU0221,58.4,71.9,76.3,59.0,64.8,Average Performer
STU0222,75.1,92.0,79.9,63.6,77.14,High Performer
STU0223,69.6,75.8,80.0,57.9,70.58,Average Performer
STU0224,61.0,61.5,94.7,75.7,70.78,Average Performer
STU0225,50.4,30.8,56.7,61.9,50.04,Average Performer
STU0226,47.2,50.4,91.4,67.3,60.7,Average Performer
STU0227,66.3,65.5,92.4,78.6,73.82,Average Performer
STU0228,34.3,42.2,67.5,36.3,42.92,Needs Improvement
STU0229,72.8,54.6,93.3,65.0,71.7,Average Performer
STU0230,54.4,52.2,52.4,46.6,52.0,Average Performer
STU0231,100.0,67.4,88.4,84.9,88.14,High Performer
STU0232,57.4,57.1,62.7,82.0,63.32,Average Performer
STU0233,71.2,71.3,86.5,58.0,71.64,Average Performer
STU0234,76.5,74.7,77.8,66.4,74.38,Average Performer
STU0235,55.5,49.6,74.2,66.0,60.16,Average Performer
STU0236,98.8,56.6,86.9,80.4,84.3,High Performer
STU0237,74.8,53.8,83.8,61.0,69.64,Average Performer
STU0238,61.0,64.3,76.0,59.8,64.42,Average Performer
STU0239,69.9,71.1,66.5,58.4,67.16,Average Performer
STU0240,49.1,47.0,80.1,72.7,59.6,Average Performer
STU0241,47.4,51.0,90.1,48.8,56.94,Average Performer
STU0242,65.8,53.8,70.0,69.6,65.0,Average Performer
STU0243,23.0,44.9,79.5,38.9,41.86,Needs Improvement
STU0244,63.7,92.1,54.3,70.9,68.94,Average Performer
STU0245,61.3,74.0,88.5,73.7,71.76,Average Performer
STU0246,74.7,67.5,67.5,75.9,72.06,Average Performer
STU0247,76.0,66.6,73.9,67.6,72.02,Average Performer
STU0248,88.2,71.3,90.6,66.9,81.04,High Performer
STU0249,76.9,71.4,68.5,65.7,71.88,Average Performer
STU0250,57.7,61.8,87.6,70.1,66.98,Average Performer
STU0251,76.6,83.2,33.9,52.6,64.58,Average Performer
STU0252,79.4,75.0,82.1,83.0,79.78,High Performer
STU0253,75.6,92.1,83.8,97.2,84.86,High Performer
STU0254,55.2,53.9,59.8,68.9,58.6,Average Performer
STU0255,63.9,62.7,88.9,64.7,68.82,Average Performer
STU0256,69.6,65.0,91.3,78.5,74.8,Average Performer
STU0257,100.0,100.0,84.3,98.8,96.62,High Performer
STU0258,68.4,76.6,27.0,64.5,60.98,Average Performer
STU0259,54.8,49.0,52.0,63.6,54.84,Average Performer
STU0260,60.0,42.5,92.5,72.3,65.46,Average Performer
STU0261,88.8,85.3,87.7,88.0,87.72,High Performer
STU0262,67.2,56.2,25.5,48.2,52.86,Average Performer
STU0263,50.2,36.2,86.4,60.7,56.74,Average Performer
STU0264,83.9,67.2,78.7,64.6,75.66,High Performer
STU0265,40.6,38.7,94.6,35.1,49.92,Needs Improvement
STU0266,38.6,68.7,82.3,64.2,58.48,Average Performer
STU0267,55.0,38.8,39.1,56.3,48.84,Needs Improvement
STU0268,70.5,67.6,64.6,64.1,67.46,Average Performer
STU0269,64.1,56.2,80.0,35.6,60.0,Average Performer
STU0270,56.9,74.5,82.6,59.1,66.0,Average Performer
STU0271,100.0,100.0,57.3,76.1,86.68,High Performer
STU0272,59.1,64.1,84.6,54.9,64.36,Average Performer
STU0273,83.7,64.9,54.4,80.5,73.44,Average Performer
STU0274,75.4,69.7,54.2,63.7,67.68,Average Performer
STU0275,69.1,68.6,82.4,71.4,72.12,Average Performer
STU0276,63.3,52.1,97.0,78.6,70.86,Average Performer
STU0277,98.6,83.0,92.3,75.8,89.66,High Performer
STU0278,85.4,66.1,81.9,61.2,76.0,High Performer
STU0279,79.1,58.8,28.0,70.1,63.02,Average Performer
STU0280,81.5,95.1,76.1,80.6,82.96,High Performer
STU0281,85.0,92.5,70.7,84.4,83.52,High Performer
STU0282,76.0,64.6,93.4,56.8,73.36,Average Performer
STU0283,92.9,77.7,78.1,63.5,81.02,High Performer
STU0284,66.3,90.2,93.2,62.8,75.76,High Performer
STU0285,56.9,60.1,82.5,61.8,63.64,Average Performer
STU0286,66.2,63.7,99.6,67.0,72.54,Average Performer
STU0287,78.7,100.0,70.5,74.3,80.44,High Performer
STU0288,61.0,61.7,72.3,58.6,62.92,Average Performer
STU0289,75.3,64.0,76.6,79.9,74.22,Average Performer
STU0290,76.2,93.7,77.2,83.0,81.26,High Performer
STU0291,81.9,57.0,76.0,83.6,76.08,High Performer
STU0292,26.9,24.8,62.1,55.2,39.18,Needs Improvement
STU0293,62.8,86.0,35.1,54.0,60.14,Average Performer
STU0294,35.8,38.1,79.9,20.0,41.92,Needs Improvement
STU0295,42.8,46.2,35.4,50.3,43.5,Needs Improvement
STU0296,55.6,62.1,89.3,44.1,61.34,Average Performer
STU0297,77.8,74.5,37.2,68.7,67.2,Average Performer
STU0298,19.4,31.9,79.4,55.6,41.14,Needs Improvement
STU0299,66.8,61.0,91.5,84.8,74.18,Average Performer
STU0300,69.6,61.5,53.1,70.5,64.86,Average Performer
STU0301,65.0,78.9,44.0,79.0,66.38,Average Performer
STU0302,66.4,57.1,87.6,60.7,67.64,Average Performer
STU0303,74.2,54.7,98.2,70.2,74.3,Average Performer
STU0304,83.5,89.6,66.4,90.0,82.6,High Performer
STU0305,63.1,81.1,93.7,67.0,73.6,Average Performer
STU0306,64.6,71.5,59.8,48.0,61.7,Average Performer
STU0307,87.2,74.3,66.5,95.9,82.22,High Performer
STU0308,53.4,57.9,68.9,49.8,56.68,Average Performer
STU0309,56.0,74.1,80.7,69.1,67.18,Average Performer
STU0310,39.7,39.4,41.6,67.2,45.52,Needs Improvement
STU0311,86.4,83.8,74.3,73.3,80.84,High Performer
STU0312,80.3,65.8,81.2,63.4,74.2,Average Performer
STU0313,82.3,75.0,88.8,63.9,78.46,High Performer
STU0314,73.2,49.7,72.1,73.2,68.28,Average Performer
STU0315,57.4,71.5,81.7,49.1,63.42,Average Performer
STU0316,51.0,51.6,94.3,59.2,61.42,Average Performer
STU0317,85.0,67.2,76.3,65.0,75.7,High Performer
STU0318,64.9,76.0,73.9,49.7,65.88,Average Performer
STU0319,66.7,61.2,68.8,80.2,68.72,Average Performer
STU0320,50.9,50.6,82.6,46.0,56.2,Average Performer
STU0321,87.5,60.4,82.7,85.0,80.62,High Performer
STU0322,67.5,63.3,96.3,73.2,73.56,Average Performer
STU0323,60.3,28.8,88.9,67.8,61.22,Average Performer
STU0324,56.4,66.9,74.9,69.2,64.76,Average Performer
STU0325,90.8,81.5,26.8,79.7,73.92,Average Performer
STU0326,52.3,55.7,71.3,68.3,59.98,Average Performer
STU0327,60.5,54.3,87.7,61.7,64.94,Average Performer
STU0328,59.2,88.6,73.0,81.7,72.34,Average Performer
STU0329,50.3,54.2,84.7,64.9,60.88,Average Performer
STU0330,48.3,69.3,93.9,45.5,61.06,Average Performer
STU0331,79.2,63.9,63.1,55.4,68.16,Average Performer
STU0332,63.8,55.4,80.5,69.7,66.64,Average Performer
STU0333,33.1,38.1,82.7,40.9,45.58,Needs Improvement
STU0334,69.9,71.9,94.6,78.4,76.94,High Performer
STU0335,75.3,88.5,73.0,73.5,77.12,High Performer
STU0336,47.7,58.0,67.0,83.1,60.7,Average Performer
STU0337,59.2,49.6,68.2,60.8,59.4,Average Performer
STU0338,60.7,73.4,57.2,64.9,63.38,Average Performer
STU0339,68.2,64.3,56.9,82.4,68.0,Average Performer
STU0340,66.4,81.3,93.6,68.6,75.26,High Performer
STU0341,65.6,67.1,98.9,57.3,70.9,Average Performer
STU0342,74.7,66.7,25.6,83.7,65.08,Average Performer
STU0343,99.7,88.6,81.7,82.0,90.34,High Performer
STU0344,62.1,77.8,82.9,68.1,70.6,Average Performer
STU0345,72.1,63.1,86.2,47.8,68.26,Average Performer
STU0346,49.1,63.0,88.6,66.7,63.3,Average Performer
STU0347,20.0,26.7,80.3,38.0,37.0,Needs Improvement
STU0348,54.1,54.2,94.9,76.5,66.76,Average Performer
STU0349,80.7,57.8,81.7,60.6,72.3,Average Performer
STU0350,99.0,81.7,54.4,82.7,83.36,High Performer
STU0351,89.1,87.4,69.9,85.6,84.22,High Performer
STU0352,47.5,28.9,72.8,46.9,48.72,Needs Improvement
STU0353,78.5,61.7,55.8,81.5,71.2,Average Performer
STU0354,42.6,27.9,86.2,38.0,47.46,Needs Improvement
STU0355,26.8,34.3,91.9,52.8,46.52,Needs Improvement
STU0356,67.2,69.1,88.6,70.3,72.48,Average Performer
STU0357,100.0,84.3,80.5,100.0,92.96,High Performer
STU0358,76.2,80.7,72.8,64.2,74.02,Average Performer
STU0359,42.6,40.9,70.6,51.4,49.62,Needs Improvement
STU0360,35.6,40.2,34.4,54.5,40.06,Needs Improvement
STU0361,87.0,87.3,81.5,81.9,84.94,High Performer
STU0362,78.0,78.5,28.8,83.1,69.28,Average Performer
STU0363,59.9,69.2,35.1,86.1,62.04,Average Performer
STU0364,42.1,53.8,78.8,61.1,55.58,Average Performer
STU0365,46.1,53.6,70.4,57.3,54.7,Average Performer
STU0366,51.5,59.2,77.6,61.0,60.16,Average Performer
STU0367,59.5,61.3,79.1,36.9,59.26,Average Performer
STU0368,57.4,68.9,52.3,66.1,60.42,Average Performer
STU0369,40.3,41.9,59.1,53.2,46.96,Needs Improvement
STU0370,67.8,73.1,57.2,51.1,63.4,Average Performer
STU0371,54.5,51.9,78.6,49.8,57.86,Average Performer
STU0372,93.2,83.4,99.0,82.3,90.22,High Performer
STU0373,42.4,47.7,93.2,58.1,56.76,Average Performer
STU0374,52.9,53.9,76.9,40.6,55.44,Average Performer
STU0375,68.1,51.3,67.8,36.5,58.36,Average Performer
STU0376,65.2,72.2,96.3,80.3,75.84,High Performer
STU0377,68.1,60.5,94.7,85.1,75.3,High Performer
STU0378,57.1,73.5,88.4,71.1,69.44,Average Performer
STU0379,55.3,46.5,89.5,49.9,59.3,Average Performer
STU0380,82.3,75.9,49.0,72.9,72.48,Average Performer
STU0381,79.3,88.8,86.1,76.1,81.92,High Performer
STU0382,90.2,100.0,81.6,96.4,91.68,High Performer
STU0383,59.8,58.8,47.6,49.0,55.0,Average Performer
STU0384,55.7,59.8,82.3,65.0,63.7,Average Performer
STU0385,67.1,66.5,70.0,76.5,69.44,Average Performer
STU0386,64.0,37.2,88.5,65.2,63.78,Average Performer
STU0387,57.3,45.7,93.5,56.5,62.06,Average Performer
STU0388,58.0,93.9,89.4,77.7,75.4,High Performer
STU0389,55.5,44.8,87.3,61.9,61.0,Average Performer
STU0390,62.5,38.8,74.6,61.0,59.88,Average Performer
STU0391,31.2,57.4,68.7,42.4,46.18,Needs Improvement
STU0392,73.2,87.3,69.8,55.3,71.76,Average Performer
STU0393,52.3,62.8,38.8,63.5,53.94,Average Performer
STU0394,41.9,39.1,67.7,47.3,47.58,Needs Improvement
STU0395,70.1,49.5,61.2,44.9,59.16,Average Performer
STU0396,68.6,75.3,,64.3,73.06,Average Performer
STU0397,81.1,91.0,46.2,70.1,73.9,Average Performer
STU0398,68.1,82.2,86.9,90.7,79.2,High Performer
STU0399,61.5,62.0,60.2,59.3,60.9,Average Performer
STU0400,36.9,46.8,71.2,50.8,48.52,Needs Improvement
STU0401,59.5,72.4,42.1,79.3,62.56,Average Performer
STU0402,66.1,61.0,41.3,92.0,65.3,Average Performer
STU0403,48.1,29.4,62.8,47.0,47.08,Needs Improvement
STU0404,48.7,29.1,93.7,81.5,60.34,Average Performer
STU0405,69.9,77.9,80.4,80.9,75.8,High Performer
STU0406,76.5,80.3,82.9,71.5,77.54,High Performer
STU0407,41.8,46.6,99.4,44.4,54.8,Average Performer
STU0408,71.1,77.2,98.3,86.2,80.78,High Performer
STU0409,73.9,82.7,76.7,61.8,73.8,Average Performer
STU0410,45.7,46.4,61.5,35.0,46.86,Needs Improvement
STU0411,48.4,51.0,77.6,60.2,57.12,Average Performer
STU0412,54.3,67.5,90.4,66.6,66.62,Average Performer
STU0413,59.3,54.9,77.3,50.9,60.34,Average Performer
STU0414,91.3,89.5,77.9,88.6,87.72,High Performer
STU0415,84.9,85.5,83.1,47.2,77.12,High Performer
STU0416,60.8,61.7,71.3,57.4,62.4,Average Performer
STU0417,78.5,78.0,82.3,70.6,77.58,High Performer
STU0418,55.1,63.8,79.9,67.5,64.28,Average Performer
STU0419,61.1,62.3,86.8,66.2,67.5,Average Performer
STU0420,100.0,80.2,71.4,72.8,84.88,High Performer
STU0421,65.7,88.4,90.1,72.0,76.38,High Performer
STU0422,68.3,60.1,94.1,73.6,72.88,Average Performer
STU0423,91.8,91.1,99.9,85.3,91.98,High Performer
STU0424,58.8,51.9,87.1,61.5,63.62,Average Performer
STU0425,83.5,72.8,77.8,73.1,78.14,High Performer
STU0426,48.2,70.7,55.8,62.4,57.06,Average Performer
STU0427,70.8,54.2,81.2,56.5,66.7,Average Performer
STU0428,68.6,89.3,82.0,65.7,74.84,Average Performer
STU0429,55.1,61.3,61.6,68.0,60.22,Average Performer
STU0430,82.5,71.7,81.6,75.5,78.76,High Performer
STU0431,81.2,58.9,33.7,83.5,67.7,Average Performer
STU0432,55.4,65.2,38.7,54.0,53.74,Average Performer
STU0433,44.1,65.9,59.6,46.2,51.98,Average Performer
STU0434,60.4,73.7,77.1,69.3,68.18,Average Performer
STU0435,87.1,62.8,93.9,64.5,79.08,High Performer
STU0436,72.2,65.1,99.6,68.7,75.56,High Performer
STU0437,76.3,72.8,84.0,68.8,75.64,High Performer
STU0438,100.0,81.3,98.7,95.6,95.12,High Performer
STU0439,86.0,86.6,97.1,79.9,87.12,High Performer
STU0440,46.0,56.8,26.1,63.0,47.58,Needs Improvement
STU0441,96.1,89.2,68.1,72.7,84.44,High Performer
STU0442,19.3,43.3,61.7,59.7,40.66,Needs Improvement
STU0443,,84.0,87.9,89.1,87.0,High Performer
STU0444,63.0,64.5,87.8,49.8,65.62,Average Performer
STU0445,79.9,75.0,79.7,94.6,81.82,High Performer
STU0446,60.0,49.7,76.9,66.0,62.52,Average Performer
STU0447,53.9,44.6,66.8,68.8,57.6,Average Performer
STU0448,10.0,0.0,76.6,4.1,20.14,Needs Improvement
STU0449,88.8,71.8,63.1,69.8,76.46,High Performer
STU0450,65.6,100.0,81.2,67.1,75.9,High Performer
STU0451,79.0,70.3,69.9,70.2,73.68,Average Performer
STU0452,66.3,60.8,53.5,90.4,67.46,Average Performer
STU0453,71.4,76.9,82.0,91.4,78.62,High Performer
STU0454,60.9,55.9,78.2,66.0,64.38,Average Performer
STU0455,71.4,79.9,54.8,77.6,71.02,Average Performer
STU0456,68.0,58.3,91.0,54.5,67.96,Average Performer
STU0457,67.5,41.2,98.2,38.8,62.64,Average Performer
STU0458,71.2,62.8,82.6,81.6,73.88,Average Performer
STU0459,79.0,73.0,88.9,60.6,76.1,High Performer
STU0460,44.4,55.2,97.7,67.8,61.9,Average Performer
STU0461,55.3,54.5,79.2,64.0,61.66,Average Performer
STU0462,79.4,75.7,82.6,60.2,75.46,High Performer
STU0463,70.1,78.1,84.1,56.2,71.72,Average Performer
STU0464,95.4,59.4,79.6,79.3,81.82,High Performer
STU0465,67.0,63.9,77.1,65.3,68.06,Average Performer
STU0466,63.7,59.5,77.3,52.2,63.28,Average Performer
STU0467,96.0,65.4,64.7,78.8,80.18,High Performer
STU0468,75.4,66.4,83.2,67.8,73.64,Average Performer
STU0469,61.0,60.1,94.9,54.8,66.36,Average Performer
STU0470,28.4,44.3,82.2,50.1,46.68,Needs Improvement
STU0471,100.0,84.5,72.5,90.7,89.54,High Performer
STU0472,58.3,58.2,67.7,68.2,62.14,Average Performer
STU0473,70.9,86.5,90.7,66.3,77.06,High Performer
STU0474,73.8,81.3,87.2,80.9,79.4,High Performer
STU0475,76.9,84.0,96.6,84.5,83.78,High Performer
STU0476,89.4,96.5,58.6,71.2,81.02,High Performer
STU0477,99.4,64.3,71.1,81.2,83.08,High Performer
STU0478,37.6,27.3,53.9,45.4,40.36,Needs Improvement
STU0479,69.6,69.9,78.9,74.7,72.54,Average Performer
STU0480,63.6,59.5,41.0,70.1,59.56,Average Performer
STU0481,65.9,58.9,80.6,40.4,62.34,Average Performer
STU0482,77.9,84.5,94.3,69.9,80.9,High Performer
STU0483,59.6,80.2,24.9,58.3,56.52,Average Performer
STU0484,51.5,77.3,79.6,56.5,63.28,Average Performer
STU0485,54.2,60.3,64.6,36.7,54.0,Average Performer
STU0486,51.3,51.6,98.8,69.9,64.58,Average Performer
STU0487,53.9,55.3,35.5,50.1,49.74,Needs Improvement
STU0488,83.8,95.3,98.5,79.8,88.24,High Performer
STU0489,65.4,67.5,92.9,55.4,69.32,Average Performer
STU0490,57.1,56.5,91.8,49.3,62.36,Average Performer
STU0491,71.9,73.6,71.8,76.6,73.16,Average Performer
STU0492,75.6,65.6,94.4,86.7,79.58,High Performer
STU0493,46.1,53.9,41.6,63.3,50.2,Average Performer
STU0494,59.0,40.3,74.5,45.8,55.72,Average Performer
STU0495,74.6,81.1,27.6,62.1,64.0,Average Performer
STU0496,68.6,82.4,89.6,49.2,71.68,Average Performer
STU0497,90.5,93.4,81.0,94.8,90.04,High Performer
STU0498,76.0,69.4,93.8,95.9,82.22,High Performer
STU0499,71.4,56.8,52.5,49.7,60.36,Average Performer
STU0500,60.5,71.2,97.2,70.0,71.88,Average Performer
STU0501,71.4,88.4,73.0,76.4,76.12,High Performer
STU0502,49.2,58.5,79.3,55.4,58.32,Average Performer
STU0503,61.9,85.4,66.2,82.7,71.62,Average Performer
STU0504,55.7,45.9,80.4,39.4,55.42,Average Performer
STU0505,83.8,56.7,25.5,68.2,63.6,Average Performer
STU0506,39.3,57.7,69.1,67.7,54.62,Average Performer
STU0507,76.5,74.3,26.8,81.9,67.2,Average Performer
STU0508,60.0,60.0,82.8,66.8,65.92,Average Performer
STU0509,82.0,61.8,96.5,79.0,80.26,High Performer
STU0510,56.4,61.8,98.3,57.0,65.98,Average Performer
STU0511,52.4,53.5,77.9,58.3,58.9,Average Performer
STU0512,47.8,57.8,81.5,55.3,58.04,Average Performer
STU0513,51.1,55.9,64.7,58.2,56.2,Average Performer
STU0514,82.2,97.0,96.6,81.2,87.84,High Performer
STU0515,56.4,75.7,93.7,82.7,72.98,Average Performer
STU0516,61.8,57.9,55.6,75.9,62.6,Average Performer
STU0517,78.5,87.0,80.8,82.5,81.46,High Performer
STU0518,59.1,68.7,92.6,55.2,66.94,Average Performer
STU0519,66.6,52.8,76.8,70.1,66.58,Average Performer
STU0520,67.3,55.6,63.0,75.8,65.8,Average Performer
STU0521,74.0,59.3,61.9,70.9,68.02,Average Performer
STU0522,53.8,61.7,69.8,49.2,57.66,Average Performer
STU0523,33.5,47.2,80.4,60.6,51.04,Average Performer
STU0524,52.6,47.4,89.1,62.4,60.82,Average Performer
STU0525,72.8,68.2,,79.4,78.26,High Performer
STU0526,53.7,61.6,61.3,50.4,56.14,Average Performer
STU0527,50.7,75.0,39.7,48.2,52.86,Average Performer
STU0528,43.9,53.4,84.1,53.5,55.76,Average Performer
STU0529,72.8,65.5,78.8,63.1,70.6,Average Performer
STU0530,89.8,74.5,52.3,75.8,76.44,High Performer
STU0531,46.9,37.8,51.2,54.3,47.42,Needs Improvement
STU0532,45.4,55.0,87.5,64.7,59.6,Average Performer
STU0533,66.0,60.7,94.3,66.6,70.72,Average Performer
STU0534,78.9,94.5,78.2,64.8,79.06,High Performer
STU0535,65.1,75.4,93.0,79.2,75.56,High Performer
STU0536,54.9,38.2,88.0,56.2,58.44,Average Performer
STU0537,72.5,50.8,59.7,50.1,61.12,Average Performer
STU0538,62.0,80.2,89.5,74.4,73.62,Average Performer
STU0539,44.0,28.6,81.8,47.2,49.12,Needs Improvement
STU0540,85.1,83.8,76.2,79.8,82.0,High Performer
STU0541,88.3,68.1,94.7,83.6,84.6,High Performer
STU0542,68.1,46.7,92.6,53.0,65.7,Average Performer
STU0543,80.5,81.5,58.1,89.0,77.92,High Performer
STU0544,87.0,79.5,81.5,98.2,86.64,High Performer
STU0545,87.4,79.2,54.3,72.2,76.1,High Performer
STU0546,56.4,57.4,99.1,73.4,68.54,Average Performer
STU0547,60.0,65.7,80.6,72.5,67.76,Average Performer
STU0548,53.7,53.0,96.1,48.2,60.94,Average Performer
STU0549,75.0,63.3,74.7,61.8,69.96,Average Performer
STU0550,70.3,63.8,87.3,71.1,72.56,Average Performer
STU0551,82.7,90.4,93.8,97.3,89.38,High Performer
STU0552,46.8,50.0,22.2,43.9,41.94,Needs Improvement
STU0553,40.1,19.7,54.7,36.9,38.3,Needs Improvement
STU0554,90.4,59.4,94.5,100.0,86.94,High Performer
STU0555,65.8,64.5,92.8,51.0,67.98,Average Performer
STU0556,61.7,53.2,86.5,40.0,60.62,Average Performer
STU0557,45.8,60.1,96.8,49.7,59.64,Average Performer
STU0558,85.6,100.0,86.9,67.4,85.1,High Performer
STU0559,58.1,71.4,86.2,71.3,69.02,Average Performer
STU0560,100.0,92.3,91.2,88.0,94.3,High Performer
STU0561,49.8,64.7,90.4,51.3,61.2,Average Performer
STU0562,60.7,57.0,98.7,68.9,69.2,Average Performer
STU0563,66.7,58.3,70.6,55.1,63.48,Average Performer
STU0564,54.3,,70.5,56.8,56.88,Average Performer
STU0565,57.7,49.8,70.6,59.0,58.96,Average Performer
STU0566,68.5,73.5,53.5,77.8,68.36,Average Performer
STU0567,79.7,60.8,69.6,72.9,72.54,Average Performer
STU0568,90.3,61.8,72.9,67.4,76.54,High Performer
STU0569,46.6,51.5,77.9,64.8,57.48,Average Performer
STU0570,58.2,76.1,83.7,64.1,68.06,Average Performer
STU0571,34.1,47.6,79.7,37.3,46.56,Needs Improvement
STU0572,81.5,82.5,93.5,96.9,87.18,High Performer
STU0573,93.1,84.1,90.8,98.8,91.98,High Performer
STU0574,76.8,73.8,82.7,90.4,80.1,High Performer
STU0575,50.3,49.8,60.3,58.2,53.78,Average Performer
STU0576,70.2,77.6,85.0,51.0,70.8,Average Performer
STU0577,55.9,57.0,97.6,92.8,71.84,Average Performer
STU0578,76.7,71.2,52.5,80.9,71.6,Average Performer
STU0579,53.8,45.1,79.1,36.7,53.7,Average Performer
STU0580,57.0,61.4,97.1,78.2,70.14,Average Performer
STU0581,36.6,36.2,82.1,44.8,47.26,Needs Improvement
STU0582,51.6,59.5,77.2,58.7,59.72,Average Performer
STU0583,94.3,87.3,70.7,97.5,88.82,High Performer
STU0584,57.6,64.3,69.2,60.2,61.78,Average Performer
STU0585,78.5,100.0,78.9,88.1,84.8,High Performer
STU0586,63.6,89.5,47.0,84.6,69.66,Average Performer
STU0587,58.1,39.6,40.0,68.7,52.9,Average Performer
STU0588,41.7,53.6,69.4,54.9,52.26,Average Performer
STU0589,62.4,65.2,55.9,46.4,58.46,Average Performer
STU0590,70.6,68.4,57.1,73.9,68.12,Average Performer
STU0591,76.3,66.9,90.1,70.5,76.02,High Performer
STU0592,43.4,66.9,64.2,45.4,52.66,Average Performer
STU0593,61.1,66.6,77.2,70.5,67.3,Average Performer
STU0594,71.2,92.9,82.5,83.2,80.2,High Performer
STU0595,33.9,28.2,70.9,29.9,39.36,Needs Improvement
STU0596,59.6,47.5,81.1,59.3,61.42,Average Performer
STU0597,52.7,56.6,86.9,52.8,60.34,Average Performer
STU0598,71.4,83.8,69.3,71.2,73.42,Average Performer
STU0599,,51.9,77.3,71.7,67.82,Average Performer
STU0600,54.0,53.3,79.0,66.0,61.26,Average Performer
STU0601,60.4,67.4,87.5,68.7,68.88,Average Performer
STU0602,60.5,56.6,55.1,50.5,56.64,Average Performer
STU0603,62.3,72.5,55.8,44.4,59.46,Average Performer
STU0604,72.2,77.8,87.8,85.0,79.0,High Performer
STU0605,49.0,47.7,82.5,56.1,56.86,Average Performer
STU0606,67.5,57.2,23.6,85.9,60.34,Average Performer
STU0607,44.8,75.5,66.6,60.2,58.38,Average Performer
STU0608,78.3,91.4,77.4,82.7,81.62,High Performer
STU0609,41.9,47.5,97.7,76.8,61.16,Average Performer
STU0610,61.2,63.1,91.2,62.7,67.88,Average Performer
STU0611,74.7,68.1,59.4,54.7,66.32,Average Performer
STU0612,77.7,,60.6,63.7,70.28,Average Performer
STU0613,51.7,67.8,99.2,81.0,70.28,Average Performer
STU0614,85.3,81.3,67.5,64.5,76.78,High Performer
STU0615,64.2,37.6,70.1,49.2,57.06,Average Performer
STU0616,76.2,60.6,89.7,75.4,75.62,High Performer
STU0617,79.4,69.5,87.9,61.3,75.5,High Performer
STU0618,73.7,71.2,97.5,56.9,74.6,Average Performer
STU0619,27.1,40.2,21.3,56.9,34.52,Needs Improvement
STU0620,53.8,50.7,90.9,77.7,65.38,Average Performer
STU0621,63.4,51.0,40.8,66.8,57.08,Average Performer
STU0622,56.0,56.8,78.9,54.1,60.36,Average Performer
STU0623,75.4,71.2,58.3,85.2,73.1,Average Performer
STU0624,63.4,79.2,82.8,75.6,72.88,Average Performer
STU0625,51.6,64.5,27.3,71.3,53.26,Average Performer
STU0626,62.4,77.0,47.6,71.2,64.12,Average Performer
STU0627,50.1,57.4,82.4,54.6,58.92,Average Performer
STU0628,49.3,61.6,90.8,72.8,64.76,Average Performer
STU0629,97.5,80.1,86.4,64.9,85.28,High Performer
STU0630,63.8,68.5,76.7,78.7,70.3,Average Performer
STU0631,37.4,62.3,41.6,41.5,44.04,Needs Improvement
STU0632,36.1,52.7,79.2,51.9,51.2,Average Performer
STU0633,57.5,84.4,73.6,75.2,69.64,Average Performer
STU0634,73.2,55.4,90.4,82.8,75.0,High Performer
STU0635,66.1,71.4,97.4,66.3,73.46,Average Performer
STU0636,63.9,76.3,82.5,80.7,73.46,Average Performer
STU0637,62.4,65.5,87.4,48.4,65.22,Average Performer
STU0638,51.8,66.8,68.9,46.4,57.14,Average Performer
STU0639,56.9,62.4,93.1,71.7,68.2,Average Performer
STU0640,61.1,39.7,81.0,54.5,59.48,Average Performer
STU0641,71.0,59.3,90.5,51.0,68.56,Average Performer
STU0642,56.3,74.8,61.4,68.0,63.36,Average Performer
STU0643,65.6,63.8,94.9,54.6,68.9,Average Performer
STU0644,73.4,60.2,92.2,63.7,72.58,Average Performer
STU0645,81.6,52.8,76.7,71.2,72.78,Average Performer
STU0646,62.2,54.6,79.2,62.4,64.12,Average Performer
STU0647,58.3,65.5,35.1,48.2,53.08,Average Performer
STU0648,,61.1,72.4,86.2,68.7,Average Performer
STU0649,58.7,38.0,83.2,53.1,58.34,Average Performer
STU0650,74.5,67.2,90.1,71.8,75.62,High Performer
STU0651,63.2,61.8,71.6,73.1,66.58,Average Performer
STU0652,53.8,49.6,78.3,48.6,56.82,Average Performer
STU0653,76.1,53.1,69.5,67.3,68.42,Average Performer
STU0654,69.1,30.2,76.1,67.0,62.3,Average Performer
STU0655,72.6,55.1,28.4,65.9,58.92,Average Performer
STU0656,51.5,56.6,90.3,51.9,60.36,Average Performer
STU0657,77.0,74.1,55.2,66.0,69.86,Average Performer
STU0658,59.9,63.7,73.4,76.2,66.62,Average Performer
STU0659,66.5,73.6,76.6,52.6,67.16,Average Performer
STU0660,64.6,54.2,99.1,50.2,66.54,Average Performer
STU0661,49.8,46.7,96.6,69.9,62.56,Average Performer
STU0662,59.4,64.1,38.7,69.5,58.22,Average Performer
STU0663,88.3,94.9,99.0,86.1,91.32,High Performer
STU0664,70.5,49.5,94.3,58.2,68.6,Average Performer
STU0665,75.1,72.0,82.2,83.3,77.54,High Performer
STU0666,46.1,56.1,76.7,73.4,59.68,Average Performer
STU0667,61.5,47.7,36.5,70.4,55.52,Average Performer
STU0668,41.6,51.4,94.2,64.3,58.62,Average Performer
STU0669,72.8,87.1,98.7,81.2,82.52,High Performer
STU0670,82.2,84.8,22.9,71.8,68.78,Average Performer
STU0671,66.3,60.1,83.9,55.4,66.4,Average Performer
STU0672,85.4,77.6,92.3,68.0,81.74,High Performer
STU0673,46.1,45.2,78.6,65.9,56.38,Average Performer
STU0674,64.7,41.1,58.7,56.8,57.2,Average Performer
STU0675,50.3,67.4,87.2,71.2,65.28,Average Performer
STU0676,54.7,69.2,78.3,72.0,65.78,Average Performer
STU0677,53.9,78.1,46.6,67.0,59.9,Average Performer
STU0678,57.3,33.4,48.8,51.5,49.66,Needs Improvement
STU0679,70.9,86.3,84.4,82.3,78.96,High Performer
STU0680,71.5,64.4,88.4,66.0,72.36,Average Performer
STU0681,89.2,98.3,79.8,77.9,86.88,High Performer
STU0682,29.8,35.5,49.1,36.1,36.06,Needs Improvement
STU0683,64.5,76.1,68.4,48.8,64.46,Average Performer
STU0684,87.8,76.7,79.4,64.7,79.28,High Performer
STU0685,54.8,35.1,38.1,43.5,45.26,Needs Improvement
STU0686,63.0,43.6,98.4,57.7,65.14,Average Performer
STU0687,66.7,93.7,93.0,71.7,78.36,High Performer
STU0688,90.9,71.1,81.9,87.9,84.54,High Performer
STU0689,54.9,49.8,81.3,59.1,60.0,Average Performer
STU0690,61.0,70.9,51.8,65.3,62.0,Average Performer
STU0691,85.1,,92.4,74.4,81.74,High Performer
STU0692,64.6,65.6,82.6,64.4,68.36,Average Performer
STU0693,46.3,58.9,37.0,71.4,51.98,Average Performer
STU0694,81.4,63.7,77.2,55.9,71.92,Average Performer
STU0695,68.3,63.8,70.1,60.7,66.24,Average Performer
STU0696,70.8,63.1,80.3,64.4,69.88,Average Performer
STU0697,60.6,57.1,83.0,69.9,66.24,Average Performer
STU0698,100.0,73.1,76.4,71.5,84.2,High Performer
STU0699,36.0,50.4,66.8,31.4,44.12,Needs Improvement
STU0700,72.4,54.5,90.8,70.8,72.18,Average Performer
STU0701,41.5,64.1,74.4,49.2,54.14,Average Performer
STU0702,58.1,73.8,81.6,70.5,68.42,Average Performer
STU0703,61.8,64.5,78.0,59.7,65.16,Average Performer
STU0704,62.8,61.7,68.7,64.3,64.06,Average Performer
STU0705,59.7,76.5,69.0,63.9,65.76,Average Performer
STU0706,53.0,61.3,94.6,45.2,61.42,Average Performer
STU0707,78.6,67.0,86.4,69.0,75.92,High Performer
STU0708,56.8,75.8,83.3,77.5,70.04,Average Performer
STU0709,57.7,53.3,79.0,73.8,64.3,Average Performer
STU0710,88.5,79.7,43.7,63.9,72.86,Average Performer
STU0711,51.9,53.8,24.7,58.0,48.06,Needs Improvement
STU0712,70.4,54.6,28.9,55.2,55.9,Average Performer
STU0713,81.4,68.9,90.6,88.6,82.18,High Performer
STU0714,62.7,62.9,94.1,85.5,73.58,Average Performer
STU0715,57.6,55.0,77.9,76.2,64.86,Average Performer
STU0716,60.5,69.5,86.7,66.8,68.8,Average Performer
STU0717,63.8,77.7,69.3,81.8,71.28,Average Performer
STU0718,70.8,55.4,87.8,63.2,69.6,Average Performer
STU0719,70.7,75.4,77.0,93.1,77.38,High Performer
STU0720,51.2,39.1,,50.6,52.46,Average Performer
STU0721,67.0,50.9,91.3,83.8,72.0,Average Performer
STU0722,69.3,55.7,58.9,83.9,67.42,Average Performer
STU0723,43.9,54.4,81.0,62.7,57.18,Average Performer
STU0724,69.8,59.5,67.2,58.5,64.96,Average Performer
STU0725,56.2,77.7,87.8,69.2,69.42,Average Performer
STU0726,75.8,65.1,83.1,62.3,72.42,Average Performer
STU0727,100.0,100.0,98.7,100.0,99.74,High Performer
STU0728,71.7,66.5,87.2,73.7,74.16,Average Performer
STU0729,61.6,58.6,34.1,49.8,53.14,Average Performer
STU0730,77.9,58.2,79.0,75.6,73.72,Average Performer
STU0731,64.2,77.5,71.3,63.1,68.06,Average Performer
STU0732,46.5,48.6,70.6,51.1,52.66,Average Performer
STU0733,74.2,68.8,91.6,82.8,78.32,High Performer
STU0734,64.6,,82.3,69.7,70.26,Average Performer
STU0735,70.2,70.9,93.3,75.9,76.1,High Performer
STU0736,,80.4,90.0,71.3,77.1,High Performer
STU0737,51.8,67.9,31.2,52.9,51.12,Average Performer
STU0738,65.9,56.4,84.6,51.9,64.94,Average Performer
STU0739,55.4,58.0,72.1,69.9,62.16,Average Performer
STU0740,62.5,70.7,79.5,57.5,66.54,Average Performer
STU0741,53.7,48.7,79.3,60.4,59.16,Average Performer
STU0742,52.7,37.9,99.5,47.1,57.98,Average Performer
STU0743,58.9,65.9,67.7,43.8,59.04,Average Performer
STU0744,60.2,46.4,99.4,40.2,61.28,Average Performer
STU0745,81.6,82.9,80.1,78.2,80.88,High Performer
STU0746,58.7,71.4,78.8,56.7,64.86,Average Performer
STU0747,54.5,79.8,83.2,51.7,64.74,Average Performer
STU0748,100.0,100.0,78.2,81.7,91.98,High Performer
STU0749,56.3,57.7,71.2,63.5,61.0,Average Performer
STU0750,73.6,87.0,93.0,81.0,81.64,High Performer
STU0751,73.3,60.9,79.2,78.1,72.96,Average Performer
STU0752,63.0,54.6,87.7,56.3,64.92,Average Performer
STU0753,91.5,93.2,94.9,73.6,88.94,High Performer
STU0754,81.1,78.0,98.4,91.9,86.1,High Performer
STU0755,62.1,72.6,74.3,48.1,63.84,Average Performer
STU0756,43.5,57.1,69.3,57.9,54.26,Average Performer
STU0757,85.1,71.7,80.1,57.1,75.82,High Performer
STU0758,100.0,95.2,54.9,74.2,84.86,High Performer
STU0759,58.3,59.6,56.2,75.4,61.56,Average Performer
STU0760,95.3,80.4,87.5,100.0,91.7,High Performer
STU0761,47.5,40.2,90.1,44.1,53.88,Average Performer
STU0762,100.0,84.3,62.1,89.3,87.14,High Performer
STU0763,72.7,85.8,90.2,87.4,81.76,High Performer
STU0764,62.9,52.3,61.0,76.0,63.02,Average Performer
STU0765,66.8,66.2,54.6,69.4,64.76,Average Performer
STU0766,46.9,32.5,82.2,40.7,49.84,Needs Improvement
STU0767,53.5,48.9,80.6,72.6,61.82,Average Performer
STU0768,69.5,55.1,34.3,51.4,55.96,Average Performer
STU0769,72.1,68.3,97.7,90.9,80.22,High Performer
STU0770,33.3,24.9,69.0,52.3,42.56,Needs Improvement
STU0771,76.7,88.8,86.6,88.6,83.48,High Performer
STU0772,72.4,59.1,62.1,62.4,65.68,Average Performer
STU0773,76.6,65.8,86.4,81.0,77.28,High Performer
STU0774,53.1,25.4,45.7,51.2,45.7,Needs Improvement
STU0775,95.0,100.0,84.6,93.8,93.68,High Performer
STU0776,43.6,56.7,68.8,56.0,53.74,Average Performer
STU0777,67.1,80.2,88.9,67.2,74.1,Average Performer
STU0778,73.1,72.2,97.1,100.0,83.1,High Performer
STU0779,74.9,64.4,78.7,70.1,72.6,Average Performer
STU0780,39.3,45.0,87.2,30.5,48.26,Needs Improvement
STU0781,57.9,70.4,89.7,62.4,67.66,Average Performer
STU0782,67.3,42.3,66.2,50.8,58.78,Average Performer
STU0783,47.0,26.3,85.0,56.5,52.36,Average Performer
STU0784,31.7,32.0,86.6,42.6,44.92,Needs Improvement
STU0785,35.1,42.2,90.3,46.0,49.74,Needs Improvement
STU0786,51.1,40.1,70.6,55.9,53.76,Average Performer
STU0787,56.9,49.4,71.8,73.5,61.7,Average Performer
STU0788,65.7,83.5,83.2,61.1,71.84,Average Performer
STU0789,75.8,72.3,79.8,75.9,75.92,High Performer
STU0790,86.2,63.8,90.9,74.1,80.24,High Performer
STU0791,83.6,67.0,94.8,75.1,80.82,High Performer
STU0792,100.0,96.1,96.0,94.4,97.3,High Performer
STU0793,82.0,62.9,89.4,58.4,74.94,Average Performer
STU0794,100.0,99.4,56.0,72.6,85.6,High Performer
STU0795,41.4,44.8,78.8,41.2,49.52,Needs Improvement
STU0796,54.6,70.6,82.5,56.7,63.8,Average Performer
STU0797,76.4,77.5,57.9,89.2,75.48,High Performer
STU0798,60.1,63.3,83.5,77.8,68.96,Average Performer
STU0799,82.7,70.3,80.1,71.8,77.52,High Performer
STU0800,72.8,66.7,88.7,73.3,74.86,Average Performer
STU0801,56.8,41.7,77.5,50.8,56.72,Average Performer
STU0802,73.1,67.5,94.3,64.6,74.52,Average Performer
STU0803,49.4,43.0,48.7,71.1,52.32,Average Performer
STU0804,68.6,57.6,78.4,63.0,67.24,Average Performer
STU0805,70.9,62.1,77.1,85.5,73.3,Average Performer
STU0806,43.3,62.6,70.9,62.5,56.52,Average Performer
STU0807,95.1,67.2,90.3,94.8,88.5,High Performer
STU0808,53.1,58.5,81.4,78.0,64.82,Average Performer
STU0809,50.5,39.8,77.9,47.1,53.16,Average Performer
STU0810,61.2,60.2,93.6,55.4,66.32,Average Performer
STU0811,80.7,100.0,57.4,97.5,83.26,High Performer
STU0812,50.5,64.1,34.3,45.5,48.98,Needs Improvement
STU0813,49.3,39.2,90.2,51.1,55.82,Average Performer
STU0814,54.9,40.9,77.6,62.8,58.22,Average Performer
STU0815,49.4,52.2,80.0,57.1,57.62,Average Performer
STU0816,81.0,72.7,96.2,79.4,82.06,High Performer
STU0817,58.0,50.7,49.1,46.4,52.44,Average Performer
STU0818,62.9,44.5,53.0,59.5,56.56,Average Performer
STU0819,53.3,56.0,79.0,60.8,60.48,Average Performer
STU0820,60.9,75.9,80.9,60.4,67.8,Average Performer
STU0821,58.9,61.9,79.1,82.4,68.24,Average Performer
STU0822,46.4,35.3,74.7,55.1,51.58,Average Performer
STU0823,81.7,80.2,91.0,74.6,81.84,High Performer
STU0824,87.7,86.1,20.9,78.5,72.18,Average Performer
STU0825,36.9,30.0,59.9,35.4,39.82,Needs Improvement
STU0826,65.9,78.6,33.6,60.1,60.82,Average Performer
STU0827,71.4,73.9,79.6,70.5,73.36,Average Performer
STU0828,64.2,52.2,53.0,,58.22,Average Performer
STU0829,71.4,84.9,43.7,77.6,69.8,Average Performer
STU0830,53.4,68.3,56.5,49.1,56.14,Average Performer
STU0831,91.1,88.0,91.0,72.8,86.8,High Performer
STU0832,63.9,60.5,69.6,70.4,65.66,Average Performer
STU0833,86.9,100.0,85.0,88.2,89.4,High Performer
STU0834,77.1,70.5,71.3,69.9,73.18,Average Performer
STU0835,60.4,61.4,76.0,65.0,64.64,Average Performer
STU0836,30.6,70.9,83.3,42.0,51.48,Average Performer
STU0837,,59.4,86.7,67.9,56.4,Average Performer
STU0838,58.4,73.1,91.6,79.1,72.12,Average Performer
STU0839,52.5,69.2,91.4,79.5,69.02,Average Performer
STU0840,48.2,71.1,98.2,69.3,67.0,Average Performer
STU0841,52.1,54.5,63.6,58.7,56.2,Average Performer
STU0842,67.0,71.5,47.4,67.4,64.06,Average Performer
STU0843,26.8,59.0,76.5,55.9,49.0,Needs Improvement
STU0844,62.6,68.6,67.9,78.5,68.04,Average Performer
STU0845,57.2,58.8,94.9,83.2,70.26,Average Performer
STU0846,70.0,78.1,81.1,88.4,77.52,High Performer
STU0847,91.1,80.8,77.1,88.0,85.62,High Performer
STU0848,61.3,37.1,68.8,69.9,59.68,Average Performer
STU0849,95.8,82.9,71.0,72.5,83.6,High Performer
STU0850,80.1,71.3,79.9,74.8,77.24,High Performer
STU0851,71.1,56.8,79.0,50.9,65.78,Average Performer
STU0852,81.5,89.1,66.4,80.5,79.8,High Performer
STU0853,68.2,50.3,71.7,62.0,64.08,Average Performer
STU0854,54.4,68.0,40.5,64.2,56.3,Average Performer
STU0855,76.9,86.4,97.1,94.6,86.38,High Performer
STU0856,45.5,51.0,71.0,39.9,50.58,Average Performer
STU0857,,55.9,72.1,58.8,64.08,Average Performer
STU0858,52.7,56.7,71.0,58.8,58.38,Average Performer
STU0859,72.2,94.4,89.2,91.0,83.8,High Performer
STU0860,63.6,66.2,67.4,77.5,67.66,Average Performer
STU0861,70.8,67.0,71.1,74.9,70.92,Average Performer
STU0862,73.6,53.1,92.6,88.5,76.28,High Performer
STU0863,57.2,59.1,68.5,71.7,62.74,Average Performer
STU0864,43.4,64.0,66.2,49.0,53.2,Average Performer
STU0865,51.1,59.8,92.3,73.8,65.62,Average Performer
STU0866,51.2,51.8,67.5,60.5,56.44,Average Performer
STU0867,59.2,69.0,86.3,50.0,64.74,Average Performer
STU0868,82.2,86.0,78.4,69.7,79.7,High Performer
STU0869,57.0,47.9,41.3,,47.68,Needs Improvement
STU0870,76.7,46.9,80.4,88.5,73.84,Average Performer
STU0871,66.3,60.8,96.8,75.5,73.14,Average Performer
STU0872,59.9,81.7,61.9,34.1,59.5,Average Performer
STU0873,49.1,44.9,72.0,60.0,55.02,Average Performer
STU0874,67.1,76.6,80.3,46.1,67.44,Average Performer
STU0875,77.7,51.6,88.3,71.5,73.36,Average Performer
STU0876,42.5,70.8,35.1,76.6,53.5,Average Performer
STU0877,49.9,,89.8,55.0,59.26,Average Performer
STU0878,63.3,44.8,76.4,70.2,63.6,Average Performer
STU0879,91.2,86.2,94.2,65.8,85.72,High Performer
STU0880,63.5,57.4,93.7,49.8,65.58,Average Performer
STU0881,62.8,44.0,87.8,78.7,67.22,Average Performer
STU0882,37.5,51.8,53.8,46.1,45.34,Needs Improvement
STU0883,78.5,73.4,56.2,76.7,72.66,Average Performer
STU0884,27.5,42.8,53.9,57.9,41.92,Needs Improvement
STU0885,48.3,34.0,77.1,57.8,53.1,Average Performer
STU0886,38.4,53.8,96.2,45.4,54.44,Average Performer
STU0887,54.3,54.0,68.3,50.2,56.22,Average Performer
STU0888,81.4,66.5,81.7,74.9,77.18,High Performer
STU0889,35.7,59.7,21.4,54.5,41.4,Needs Improvement
STU0890,75.5,70.5,81.5,59.0,72.4,Average Performer
STU0891,44.3,69.1,74.0,51.2,56.58,Average Performer
STU0892,73.5,67.1,73.2,69.0,71.26,Average Performer
STU0893,69.4,93.4,79.6,82.3,78.82,High Performer
STU0894,48.9,64.0,90.8,39.2,58.36,Average Performer
STU0895,90.2,78.9,89.9,90.3,87.9,High Performer
STU0896,49.7,50.9,69.0,44.1,52.68,Average Performer
STU0897,55.0,49.7,82.9,60.8,60.68,Average Performer
STU0898,71.8,85.6,86.8,63.6,75.92,High Performer
STU0899,70.0,66.5,79.3,54.1,67.98,Average Performer
STU0900,49.7,58.7,89.2,74.9,64.44,Average Performer
STU0901,59.3,43.6,86.3,67.8,63.26,Average Performer
STU0902,98.9,85.2,59.4,92.1,86.9,High Performer
STU0903,87.1,96.7,77.9,85.0,86.76,High Performer
STU0904,60.2,54.5,55.4,59.1,57.88,Average Performer
STU0905,58.1,47.8,78.4,62.9,61.06,Average Performer
STU0906,63.7,27.8,23.9,35.7,42.96,Needs Improvement
STU0907,68.0,60.4,96.3,64.3,71.4,Average Performer
STU0908,41.6,62.1,88.5,59.1,58.58,Average Performer
STU0909,41.9,66.1,67.8,44.5,52.44,Average Performer
STU0910,54.5,52.3,94.7,52.0,61.6,Average Performer
STU0911,91.4,82.1,86.9,73.4,85.04,High Performer
STU0912,59.6,26.7,74.4,53.8,54.82,Average Performer
STU0913,83.1,80.0,54.2,82.8,76.64,High Performer
STU0914,35.6,42.5,67.4,42.3,44.68,Needs Improvement
STU0915,79.4,37.5,,67.1,69.3,Average Performer
STU0916,72.2,63.1,91.7,71.1,74.06,Average Performer
STU0917,92.1,62.5,76.5,82.5,81.14,High Performer
STU0918,23.5,38.7,26.1,46.0,31.56,Needs Improvement
STU0919,67.4,65.3,97.0,84.8,76.38,High Performer
STU0920,57.8,46.9,31.9,53.5,49.58,Needs Improvement
STU0921,73.6,63.3,69.5,63.9,68.78,Average Performer
STU0922,29.6,47.7,,31.4,41.58,Needs Improvement
STU0923,70.8,67.8,96.6,72.9,75.78,High Performer
STU0924,68.0,67.1,89.1,64.9,71.42,Average Performer
STU0925,67.9,71.3,70.7,79.1,71.38,Average Performer
STU0926,41.8,42.2,23.7,62.9,42.48,Needs Improvement
STU0927,31.4,36.6,92.3,29.2,44.18,Needs Improvement
STU0928,70.9,83.7,90.7,59.5,75.14,High Performer
STU0929,72.4,79.2,82.1,63.8,73.98,Average Performer
STU0930,94.9,76.7,63.7,97.3,85.5,High Performer
STU0931,91.8,85.5,79.5,82.4,86.2,High Performer
STU0932,85.1,93.3,61.8,86.0,82.26,High Performer
STU0933,68.5,72.7,86.1,89.8,77.12,High Performer
STU0934,85.0,60.8,29.5,69.9,66.04,Average Performer
STU0935,61.9,61.8,51.1,66.7,60.68,Average Performer
STU0936,57.7,53.1,73.9,47.7,58.02,Average Performer
STU0937,82.0,60.4,60.7,61.7,69.36,Average Performer
STU0938,49.6,64.6,37.0,45.6,49.28,Needs Improvement
STU0939,36.4,38.3,68.3,41.0,44.08,Needs Improvement
STU0940,60.0,56.1,63.4,,58.12,Average Performer
STU0941,63.9,52.7,59.3,65.9,61.14,Average Performer
STU0942,72.1,72.3,76.4,89.6,76.5,High Performer
STU0943,45.7,62.3,87.9,47.5,57.82,Average Performer
STU0944,81.6,60.7,76.7,75.8,75.28,High Performer
STU0945,93.9,100.0,77.3,100.0,93.02,High Performer
STU0946,92.2,59.8,93.4,93.8,86.28,High Performer
STU0947,69.4,48.1,96.8,69.5,70.64,Average Performer
STU0948,70.8,63.9,58.7,68.8,66.6,Average Performer
STU0949,50.0,67.3,74.6,54.4,59.26,Average Performer
STU0950,62.1,71.2,69.0,62.0,65.28,Average Performer
STU0951,80.4,72.4,79.3,63.7,75.24,High Performer
STU0952,69.8,72.0,66.8,89.8,73.64,Average Performer
STU0953,77.8,76.2,67.7,79.5,75.8,High Performer
STU0954,81.3,58.8,76.5,84.0,76.38,High Performer
STU0955,27.7,54.5,66.4,60.6,47.38,Needs Improvement
STU0956,62.2,71.7,74.7,59.2,66.0,Average Performer
STU0957,33.3,47.7,82.9,29.7,45.38,Needs Improvement
STU0958,56.1,42.2,76.5,59.6,58.1,Average Performer
STU0959,59.9,62.1,90.5,67.6,68.0,Average Performer
STU0960,57.5,68.7,31.4,57.5,54.52,Average Performer
STU0961,70.2,78.4,97.4,80.6,79.36,High Performer
STU0962,72.0,75.7,63.5,63.5,69.34,Average Performer
STU0963,88.8,68.2,94.7,73.0,82.7,High Performer
STU0964,100.0,100.0,82.3,92.5,94.96,High Performer
STU0965,89.5,71.2,47.5,84.6,76.46,High Performer
STU0966,79.1,62.8,36.7,49.8,61.5,Average Performer
STU0967,60.5,46.0,82.8,42.4,58.44,Average Performer
STU0968,63.0,74.9,72.3,75.9,69.82,Average Performer
STU0969,61.0,62.5,93.1,66.9,68.9,Average Performer
STU0970,25.9,18.0,77.9,44.1,38.36,Needs Improvement
STU0971,77.6,69.0,89.8,84.3,79.66,High Performer
STU0972,81.0,84.0,58.5,78.8,76.66,High Performer
STU0973,73.2,63.8,79.4,66.8,71.28,Average Performer
STU0974,53.1,34.4,67.5,46.7,50.96,Average Performer
STU0975,72.2,62.3,74.3,53.8,66.96,Average Performer
STU0976,47.8,21.0,81.3,59.7,51.52,Average Performer
STU0977,75.4,69.5,77.7,70.4,73.68,Average Performer
STU0978,60.1,55.9,67.9,67.5,62.3,Average Performer
STU0979,100.0,59.5,98.2,78.5,87.24,High Performer
STU0980,47.3,27.7,87.6,62.1,54.4,Average Performer
STU0981,25.6,45.6,84.3,26.1,41.44,Needs Improvement
STU0982,81.8,89.6,79.2,68.5,80.18,High Performer
STU0983,77.3,77.2,94.7,89.1,83.12,High Performer
STU0984,56.4,52.0,82.8,51.6,59.84,Average Performer
STU0985,49.1,37.9,67.0,41.9,49.0,Needs Improvement
STU0986,76.7,70.7,91.4,93.6,81.82,High Performer
STU0987,68.8,56.7,92.0,35.8,64.42,Average Performer
STU0988,94.4,74.3,92.1,84.2,87.88,High Performer
STU0989,93.4,97.3,93.0,88.6,93.14,High Performer
STU0990,56.1,49.0,94.0,45.2,60.08,Average Performer
STU0991,66.4,45.6,71.1,68.5,63.6,Average Performer
STU0992,91.9,76.8,64.4,83.1,81.62,High Performer
STU0993,73.6,81.7,66.7,88.3,76.78,High Performer
STU0994,52.1,70.5,90.5,66.9,66.42,Average Performer
STU0995,35.5,49.7,79.3,61.3,52.26,Average Performer
STU0996,71.3,45.3,83.1,61.4,66.48,Average Performer
STU0997,57.3,57.5,85.0,53.8,62.18,Average Performer
STU0998,56.2,52.7,67.1,59.5,58.34,Average Performer
STU0999,68.6,57.0,20.1,84.7,59.8,Average Performer
STU1000,82.1,68.2,69.1,92.5,78.8,High Performer
